"test","sample_type","p_value","F_stat"
"PERMANOVA","nt",0.001,13.1074340301302
"PERMANOVA","tm",0.001,21.5397439833366
"PERMANOVA","tac",0.774,0.587418283496014
"PERMDISP","nt",1.17102141489935e-06,18.3988789242907
"PERMDISP","tm",0.00544167889717479,9.60075857513479
"PERMDISP","tac",0.189556769746014,1.77877233295977
